Prompt Type,Success Rate,Unsuccess Rate
Fill the blank,0.40816326530612246,0.5836734693877551
Assignment,0.6612244897959184,0.33877551020408164
